INSERT INTO Utilisateur (ID, Nom, Prénom, Téléphone, Mail, Rue, Numero_Rue, Ville, Code_Postal, Station_Plus_Proche) VALUES
(1, 'Dupont', 'Jean', 600000001, 'jean.dupont@example.com', 'Rue de la Paix', '1', 'Paris', 75001, 'Station A'),
(2, 'Martin', 'Paul', 600000002, 'paul.martin@example.com', 'Avenue des Champs', '2', 'Paris', 75002, 'Station B'),
(3, 'Bernard', 'Pierre', 600000003, 'pierre.bernard@example.com', 'Boulevard Saint-Germain', '3', 'Paris', 75003, 'Station C'),
(4, 'Petit', 'Jacques', 600000004, 'jacques.petit@example.com', 'Rue Victor Hugo', '4', 'Lyon', 69001, 'Station D'),
(5, 'Robert', 'Alain', 600000005, 'alain.robert@example.com', 'Rue de Rivoli', '5', 'Marseille', 13001, 'Station E'),
(6, 'Richard', 'Luc', 600000006, 'luc.richard@example.com', 'Rue des Fleurs', '6', 'Lille', 59000, 'Station F'),
(7, 'Durand', 'Claude', 600000007, 'claude.durand@example.com', 'Avenue du Général', '7', 'Toulouse', 31000, 'Station G'),
(8, 'Moreau', 'André', 600000008, 'andre.moreau@example.com', 'Rue du Commerce', '8', 'Nice', 06000, 'Station H'),
(9, 'Lefevre', 'Michel', 600000009, 'michel.lefevre@example.com', 'Allée des Acacias', '9', 'Nantes', 44000, 'Station I'),
(10, 'Garcia', 'Louis', 600000010, 'louis.garcia@example.com', 'Rue de l''Industrie', '10', 'Strasbourg', 67000, 'Station J'),
(11, 'Martinez', 'Bernard', 600000011, 'bernard.martinez@example.com', 'Impasse des Lilas', '11', 'Bordeaux', 33000, 'Station K'),
(12, 'Lopez', 'Daniel', 600000012, 'daniel.lopez@example.com', 'Place de la République', '12', 'Lyon', 69002, 'Station L'),
(13, 'Gonzalez', 'David', 600000013, 'david.gonzalez@example.com', 'Rue du Parc', '13', 'Montpellier', 34000, 'Station M'),
(14, 'Hernandez', 'Alfred', 600000014, 'alfred.hernandez@example.com', 'Chemin des Vignes', '14', 'Rennes', 35000, 'Station N'),
(15, 'Roux', 'Henri', 600000015, 'henri.roux@example.com', 'Avenue des Tilleuls', '15', 'Grenoble', 38000, 'Station O'),
(16, 'Blanc', 'Emmanuel', 600000016, 'emmanuel.blanc@example.com', 'Rue du Moulin', '16', 'Paris', 75004, 'Station P'),
(17, 'Guerin', 'Pauline', 600000017, 'pauline.guerin@example.com', 'Boulevard des Fêtes', '17', 'Lille', 59000, 'Station Q'),
(18, 'Fournier', 'Sophie', 600000018, 'sophie.fournier@example.com', 'Allée des Roses', '18', 'Strasbourg', 67000, 'Station R'),
(19, 'Morel', 'Camille', 600000019, 'camille.morel@example.com', 'Impasse du Soleil', '19', 'Nantes', 44000, 'Station S'),
(20, 'Girard', 'Julien', 600000020, 'julien.girard@example.com', 'Place des Fleurs', '20', 'Marseille', 13002, 'Station T'),
(21, 'Andre', 'Laura', 600000021, 'laura.andre@example.com', 'Rue de l''Église', '21', 'Bordeaux', 33000, 'Station U'),
(22, 'Lambert', 'Marine', 600000022, 'marine.lambert@example.com', 'Avenue de la Liberté', '22', 'Lyon', 69003, 'Station V'),
(23, 'Fontaine', 'Nicolas', 600000023, 'nicolas.fontaine@example.com', 'Chemin des Peupliers', '23', 'Nice', 06000, 'Station W'),
(24, 'Rousseau', 'Claire', 600000024, 'claire.rousseau@example.com', 'Rue du Port', '24', 'Toulouse', 31000, 'Station X'),
(25, 'Vincent', 'Mathieu', 600000025, 'mathieu.vincent@example.com', 'Impasse des Marronniers', '25', 'Grenoble', 38000, 'Station Y'),
(26, 'Muller', 'Hugo', 600000026, 'hugo.muller@example.com', 'Place des Érables', '26', 'Rennes', 35000, 'Station Z'),
(27, 'Leroy', 'Celine', 600000027, 'celine.leroy@example.com', 'Rue du Marché', '27', 'Montpellier', 34000, 'Station AA'),
(28, 'Bonnet', 'Adrien', 600000028, 'adrien.bonnet@example.com', 'Boulevard des Peupliers', '28', 'Strasbourg', 67000, 'Station AB'),
(29, 'Martineau', 'Alexandre', 600000029, 'alexandre.martineau@example.com', 'Avenue des Oliviers', '29', 'Paris', 75005, 'Station AC'),
(30, 'Lemaire', 'Antoine', 600000030, 'antoine.lemaire@example.com', 'Chemin des Cerisiers', '30', 'Lyon', 69004, 'Station AD');

INSERT INTO Cuisinier (ID_cuisinier, ID) VALUES
(1, 1),
(2, 2),
(3, 3),
(4, 4),
(5, 5),
(6, 6),
(7, 7),
(8, 8),
(9, 9),
(10, 10),
(11, 11),
(12, 12),
(13, 13),
(14, 14),
(15, 15);

INSERT INTO Client_ (ID_client, Entreprise, ID) VALUES
(1, FALSE, 16),
(2, TRUE, 17),
(3, FALSE, 18),
(4, TRUE, 19),
(5, FALSE, 20),
(6, TRUE, 21),
(7, FALSE, 22),
(8, TRUE, 23),
(9, FALSE, 24),
(10, TRUE, 25),
(11, FALSE, 26),
(12, TRUE, 27),
(13, FALSE, 28),
(14, TRUE, 29),
(15, FALSE, 30);

INSERT INTO Commande (ID_Commande, Prix_Commande, Nombre_Portions, Date_Heure_Livraison, ID_client, ID_cuisinier) VALUES
(1, 45.50, 2, '2025-03-05 12:00:00', 1, 1),
(2, 32.00, 1, '2025-03-06 13:00:00', 2, 2),
(3, 58.75, 3, '2025-03-07 18:30:00', 3, 3),
(4, 27.90, 2, '2025-03-08 12:45:00', 4, 4),
(5, 64.20, 4, '2025-03-09 19:15:00', 5, 5),
(6, 38.00, 1, '2025-03-10 11:30:00', 6, 6),
(7, 49.99, 2, '2025-03-11 12:00:00', 7, 7),
(8, 55.50, 3, '2025-03-12 18:00:00', 8, 8),
(9, 42.30, 2, '2025-03-13 12:15:00', 9, 9),
(10, 70.00, 4, '2025-03-14 19:00:00', 10, 10),
(11, 36.45, 1, '2025-03-15 11:00:00', 11, 11),
(12, 59.99, 3, '2025-03-16 18:45:00', 12, 12),
(13, 48.80, 2, '2025-03-17 12:30:00', 13, 13),
(14, 65.00, 4, '2025-03-18 19:30:00', 14, 14),
(15, 52.25, 2, '2025-03-19 12:00:00', 15, 15);

INSERT INTO Livraison (ID_Livraison, station_client, station_cuisinier, Date_Livraison, est_livre, ID_Commande, ID_Client) VALUES
(1, '16, Rue du Moulin, Paris', '1, Rue de la Paix, Paris', '2025-03-05 13:00:00', false, 1, 1),
(2, '17, Boulevard des Fêtes, Lille', '2, Avenue des Champs, Paris', '2025-03-06 14:00:00', false,2, 1),
(3, '18, Allée des Roses, Strasbourg', '3, Boulevard Saint-Germain, Paris', '2025-03-07 19:00:00', false,3, 1),
(4, '19, Impasse du Soleil, Nantes', '4, Rue Victor Hugo, Lyon', '2025-03-08 13:00:00', false,4, 1),
(5, '20, Place des Fleurs, Marseille', '5, Rue de Rivoli, Marseille', '2025-03-09 20:00:00', false,5, 1),
(6, '21, Rue de l''Église, Bordeaux', '6, Rue des Fleurs, Lille', '2025-03-10 12:00:00', false,6, 1),
(7, '22, Avenue de la Liberté, Lyon', '7, Avenue du Général, Toulouse', '2025-03-11 13:00:00', false,7, 1),
(8, '23, Chemin des Peupliers, Nice', '8, Rue du Commerce, Nice', '2025-03-12 19:00:00', false,8, 1),
(9, '24, Rue du Port, Toulouse', '9, Allée des Acacias, Nantes', '2025-03-13 13:00:00', false,9, 1),
(10, '25, Impasse des Marronniers, Grenoble', '10, Rue de l''Industrie, Strasbourg', '2025-03-14 20:00:00', false,10, 1),
(11, '26, Place des Érables, Rennes', '11, Impasse des Lilas, Bordeaux', '2025-03-15 12:00:00', false,11, 1),
(12, '27, Rue du Marché, Montpellier', '12, Place de la République, Lyon', '2025-03-16 19:00:00', false,12, 1),
(13, '28, Boulevard des Peupliers, Strasbourg', '13, Rue du Parc, Montpellier', '2025-03-17 13:00:00', false,13, 1),
(14, '29, Avenue des Oliviers, Paris', '14, Chemin des Vignes, Rennes', '2025-03-18 20:00:00', false,14, 1),
(15, '30, Chemin des Cerisiers, Lyon', '15, Avenue des Tilleuls, Grenoble', '2025-03-19 13:00:00', false,15, 1);

INSERT INTO Recette (ID_Recette, Nom, Régime_alimentaire) VALUES
(1, 'Recette 1', 'Omnivore'),
(2, 'Recette 2', 'Omnivore'),
(3, 'Recette 3', 'Omnivore'),
(4, 'Recette 4', 'Omnivore'),
(5, 'Recette 5', 'Omnivore'),
(6, 'Recette 6', 'Omnivore'),
(7, 'Recette 7', 'Omnivore'),
(8, 'Recette 8', 'Omnivore'),
(9, 'Recette 9', 'Omnivore'),
(10, 'Recette 10', 'Omnivore'),
(11, 'Recette 11', 'Omnivore'),
(12, 'Recette 12', 'Omnivore'),
(13, 'Recette 13', 'Omnivore'),
(14, 'Recette 14', 'Omnivore'),
(15, 'Recette 15', 'Omnivore');

INSERT INTO Nationalité (Pays) VALUES
('France'),
('Italie'),
('Espagne'),
('Allemagne'),
('Royaume-Uni'),
('Etats-Unis'),
('Canada'),
('Japon'),
('Chine'),
('Bresil'),
('Inde'),
('Australie'),
('Mexique'),
('Russie'),
('Suede');

INSERT INTO Ingrédient (Nom) VALUES
('Tomate'),
('Fromage'),
('Poulet'),
('Pâtes'),
('Oeuf'),
('Farine'),
('Lait'),
('Boeuf'),
('Carotte'),
('Pommes de terre'),
('Oignon'),
('Ail'),
('Basilic'),
('Thym'),
('Laurier'),
('Sel'),
('Poivre'),
('Huile d''olive'),
('Champignon');

INSERT INTO Evaluation (ID_client, Note, commentaire, jour, ID_Commande) VALUES
(1, 4, 'Très bon', '2025-03-06', 1),
(2, 5, 'Excellent service', '2025-03-07', 2),
(3, 3, 'Moyen', '2025-03-08', 3),
(4, 4, 'Bon rapport qualité/prix', '2025-03-09', 4),
(5, 2, 'Peut mieux faire', '2025-03-10', 5),
(6, 5, 'Service irréprochable', '2025-03-11', 6),
(7, 3, 'Correct', '2025-03-12', 7),
(8, 4, 'Satisfait', '2025-03-13', 8),
(9, 5, 'Parfait', '2025-03-14', 9),
(10, 2, 'Décevant', '2025-03-15', 10),
(11, 4, 'Bien', '2025-03-16', 11),
(12, 3, 'Moyen', '2025-03-17', 12),
(13, 5, 'Excellent', '2025-03-18', 13),
(14, 4, 'Bon', '2025-03-19', 14),
(15, 3, 'Peut s''améliorer', '2025-03-20', 15);

INSERT INTO Plat (ID_Plat, Nom, Quantité, Prix, Date_Fabrication, Date_Péremption, Nombre_Portions_Total, Plat_Du_Jour, ID_Recette, ID_cuisinier) VALUES
(1, 'Plat 1', 10, 12.50,  '2025-03-03 10:00:00', '2025-03-10 10:00:00', 5, TRUE, 1, 1),
(2, 'Plat 2', 8, 10.00, '2025-03-03 11:00:00', '2025-03-10 11:00:00', 4, FALSE, 2, 2),
(3, 'Plat 3', 12, 15.75, '2025-03-03 12:00:00', '2025-03-10 12:00:00', 6, TRUE, 3, 3),
(4, 'Plat 4', 9, 11.00,  '2025-03-03 13:00:00', '2025-03-10 13:00:00', 4, FALSE, 4, 4),
(5, 'Plat 5', 15, 18.20,  '2025-03-03 14:00:00', '2025-03-10 14:00:00', 7, TRUE, 5, 5),
(6, 'Plat 6', 10, 13.30,  '2025-03-03 15:00:00', '2025-03-10 15:00:00', 5, FALSE, 6, 6),
(7, 'Plat 7', 8, 9.90,  '2025-03-03 16:00:00', '2025-03-10 16:00:00', 4, TRUE, 7, 7),
(8, 'Plat 8', 11, 14.50,  '2025-03-03 17:00:00', '2025-03-10 17:00:00', 6, FALSE, 8, 8),
(9, 'Plat 9', 7, 10.80, '2025-03-03 18:00:00', '2025-03-10 18:00:00', 4, TRUE, 9, 9),
(10, 'Plat 10', 13, 16.00, '2025-03-03 19:00:00', '2025-03-10 19:00:00', 7, FALSE, 10, 10),
(11, 'Plat 11', 10, 12.00, '2025-03-03 20:00:00', '2025-03-10 20:00:00', 5, TRUE, 11, 11),
(12, 'Plat 12', 9, 11.50, '2025-03-03 21:00:00', '2025-03-10 21:00:00', 4, FALSE, 12, 12),
(13, 'Plat 13', 14, 17.25, '2025-03-03 22:00:00', '2025-03-10 22:00:00', 7, TRUE, 13, 13),
(14, 'Plat 14', 8, 10.50, '2025-03-03 23:00:00', '2025-03-10 23:00:00', 4, FALSE, 14, 14),
(15, 'Plat 15', 12, 15.00, '2025-03-04 00:00:00', '2025-03-11 00:00:00', 6, TRUE, 15, 15);

INSERT INTO est_commandé (ID_Plat, ID_Commande) VALUES
(1, 1),
(2, 2),
(3, 3),
(4, 4),
(5, 5),
(6, 6),
(7, 7),
(8, 8),
(9, 9),
(10, 10),
(11, 11),
(12, 12),
(13, 13),
(14, 14),
(15, 15);

INSERT INTO Vient (ID_Plat, Pays) VALUES
(1, 'France'),
(2, 'Italie'),
(3, 'Espagne'),
(4, 'Allemagne'),
(5, 'Royaume-Uni'),
(6, 'Etats-Unis'),
(7, 'Canada'),
(8, 'Japon'),
(9, 'Chine'),
(10, 'Bresil'),
(11, 'Inde'),
(12, 'Australie'),
(13, 'Mexique'),
(14, 'Russie'),
(15, 'Suede');

INSERT INTO contient (ID_Recette, Nom) VALUES
(1, 'Tomate'),
(2, 'Fromage'),
(3, 'Poulet'),
(4, 'Boeuf'),
(5, 'Carotte'),
(6, 'Pommes de terre'),
(7, 'Oignon'),
(8, 'Ail'),
(9, 'Basilic'),
(10, 'Thym'),
(11, 'Laurier'),
(12, 'Sel'),
(13, 'Poivre'),
(14, 'Huile d''olive'),
(15, 'Champignon');
